date,ride_id_count,distance_km_mean,month_sin,month_cos,day_of_week_sin,day_of_week_cos,wind_avg,percip_total,temp_min,temp_max
2023-01-01,101284,1.9173760123829118,0.0,1.0,-2.4492935982947064e-16,1.0,7.9179528,0.0,9.444444444444445,12.777777777777777
2023-01-02,116482,1.813237828089482,0.0,1.0,0.7818314824680298,0.6234898018587336,5.7614372000000005,0.02,9.444444444444445,13.333333333333332
2023-01-03,103578,1.8050827728546395,0.0,1.0,0.9749279121818236,-0.22252093395631434,5.037234199999999,0.42,8.333333333333332,14.444444444444443
2023-01-04,148908,1.8613812883988206,0.0,1.0,0.43388373911755823,-0.900968867902419,7.1937498,0.02,9.444444444444445,18.88888888888889
2023-01-05,142880,1.8081199758465534,0.0,1.0,-0.433883739117558,-0.9009688679024191,8.2720076,0.01,6.666666666666666,10.0
2023-01-06,129504,1.737342029051813,0.0,1.0,-0.9749279121818236,-0.2225209339563146,8.6421558,0.27,3.888888888888889,9.444444444444445
2023-01-07,118316,1.752687941151205,0.0,1.0,-0.7818314824680299,0.6234898018587334,10.7986714,0.0,2.7777777777777777,7.222222222222221
2023-01-08,98908,1.7355885494712135,0.0,1.0,-2.4492935982947064e-16,1.0,7.563898,0.0,0.5555555555555556,5.0
2023-01-09,123176,1.719337876079975,0.0,1.0,0.7818314824680298,0.6234898018587336,7.1937498,0.01,2.7777777777777777,6.666666666666666
2023-01-10,133348,1.748652826075241,0.0,1.0,0.9749279121818236,-0.22252093395631434,6.839695,0.0,3.333333333333333,5.0
2023-01-11,134200,1.7198127790528925,0.0,1.0,0.43388373911755823,-0.900968867902419,10.4446166,0.0,1.6666666666666665,3.888888888888889
2023-01-12,102982,1.7040150714367237,0.0,1.0,-0.433883739117558,-0.9009688679024191,7.9179528,0.3,2.7777777777777777,12.777777777777777
2023-01-13,130548,1.7071433112962229,0.0,1.0,-0.9749279121818236,-0.2225209339563146,11.522874400000001,0.09,3.333333333333333,13.888888888888888
2023-01-14,81512,1.6421147319329008,0.0,1.0,-0.7818314824680299,0.6234898018587334,14.403592999999999,0.0,-0.5555555555555556,3.333333333333333
2023-01-15,48399,1.6819388840446123,0.0,1.0,-2.4492935982947064e-16,1.0,15.481850799999998,0.0,-1.1111111111111112,5.0
2023-01-16,58595,1.701083291502643,0.0,1.0,0.7818314824680298,0.6234898018587336,12.2470774,0.0,-2.2222222222222223,8.88888888888889
2023-01-17,76183,1.760684502368243,0.0,1.0,0.9749279121818236,-0.22252093395631434,5.037234199999999,0.0,1.6666666666666665,8.333333333333332
2023-01-18,89100,1.7780845320853171,0.0,1.0,0.43388373911755823,-0.900968867902419,12.2470774,0.05,5.555555555555555,11.666666666666666
2023-01-19,38038,1.6340402398992249,0.0,1.0,-0.433883739117558,-0.9009688679024191,6.839695,0.87,4.444444444444445,6.666666666666666
2023-01-20,79523,1.731499849693865,0.0,1.0,-0.9749279121818236,-0.2225209339563146,10.7986714,0.0,4.444444444444445,9.444444444444445
2023-01-21,68683,1.7495165908645176,0.0,1.0,-0.7818314824680299,0.6234898018587334,8.9962106,0.0,2.7777777777777777,5.555555555555555
2023-01-22,46561,1.7080988937492385,0.0,1.0,-2.4492935982947064e-16,1.0,7.563898,0.51,2.2222222222222223,5.555555555555555
2023-01-23,45129,1.6321718662156133,0.0,1.0,0.7818314824680298,0.6234898018587336,12.2470774,0.41,2.2222222222222223,3.888888888888889
2023-01-24,79466,1.744050764446658,0.0,1.0,0.9749279121818236,-0.22252093395631434,11.1527262,0.0,1.6666666666666665,7.777777777777778
2023-01-25,49091,1.6693484241097458,0.0,1.0,0.43388373911755823,-0.900968867902419,9.7204136,0.9,1.6666666666666665,12.222222222222221
2023-01-26,75980,1.7330444298395766,0.0,1.0,-0.433883739117558,-0.9009688679024191,14.403592999999999,0.44,5.0,13.888888888888888
2023-01-27,77274,1.69471762945523,0.0,1.0,-0.9749279121818236,-0.2225209339563146,9.3663588,0.0,1.6666666666666665,6.666666666666666
2023-01-28,78604,1.8007088372707645,0.0,1.0,-0.7818314824680299,0.6234898018587334,11.522874400000001,0.0,2.2222222222222223,11.11111111111111
2023-01-29,68485,1.794654975839467,0.0,1.0,-2.4492935982947064e-16,1.0,7.563898,0.0,5.555555555555555,11.666666666666666
2023-01-30,82761,1.7852948191488318,0.0,1.0,0.7818314824680298,0.6234898018587336,4.6831794,0.0,6.111111111111111,12.777777777777777
2023-01-31,67755,1.6537548038420489,0.0,1.0,0.9749279121818236,-0.22252093395631434,6.839695,0.06,-0.5555555555555556,10.0
2023-02-01,120858,1.6582952783148268,0.49999999999999994,0.8660254037844387,0.43388373911755823,-0.900968867902419,8.9962106,0.02,-3.333333333333333,3.333333333333333
2023-02-02,126318,1.675548188887481,0.49999999999999994,0.8660254037844387,-0.433883739117558,-0.9009688679024191,7.9179528,0.0,-1.6666666666666665,4.444444444444445
2023-02-03,76124,1.4770149731689435,0.49999999999999994,0.8660254037844387,-0.9749279121818236,-0.2225209339563146,19.086772399999997,0.0,-11.666666666666666,1.6666666666666665
2023-02-04,49620,1.4160825914485191,0.49999999999999994,0.8660254037844387,-0.7818314824680299,0.6234898018587334,14.033444800000002,0.0,-16.11111111111111,-2.7777777777777777
2023-02-05,99684,1.7579069612826628,0.49999999999999994,0.8660254037844387,-2.4492935982947064e-16,1.0,5.7614372000000005,0.0,-2.7777777777777777,9.444444444444445
2023-02-06,129668,1.753395713005283,0.49999999999999994,0.8660254037844387,0.7818314824680298,0.6234898018587336,7.9179528,0.0,1.1111111111111112,11.11111111111111
2023-02-07,132212,1.71971902973045,0.49999999999999994,0.8660254037844387,0.9749279121818236,-0.22252093395631434,7.9179528,0.02,-1.1111111111111112,6.111111111111111
2023-02-08,157272,1.8157608726971932,0.49999999999999994,0.8660254037844387,0.43388373911755823,-0.900968867902419,9.7204136,0.0,3.888888888888889,11.666666666666666
2023-02-09,152126,1.7995508290441111,0.49999999999999994,0.8660254037844387,-0.433883739117558,-0.9009688679024191,5.7614372000000005,0.0,5.555555555555555,12.777777777777777
2023-02-10,167936,1.8351169337346418,0.49999999999999994,0.8660254037844387,-0.9749279121818236,-0.2225209339563146,13.67939,0.0,7.222222222222221,16.11111111111111
2023-02-11,127600,1.8099505458954803,0.49999999999999994,0.8660254037844387,-0.7818314824680299,0.6234898018587334,9.3663588,0.0,2.2222222222222223,7.777777777777778
2023-02-12,111324,1.7839345424500206,0.49999999999999994,0.8660254037844387,-2.4492935982947064e-16,1.0,6.839695,0.01,3.333333333333333,8.88888888888889
2023-02-13,144050,1.8022662184786125,0.49999999999999994,0.8660254037844387,0.7818314824680298,0.6234898018587336,11.8769292,0.0,5.0,13.888888888888888
2023-02-14,146226,1.8069634964972463,0.49999999999999994,0.8660254037844387,0.9749279121818236,-0.22252093395631434,8.9962106,0.0,4.444444444444445,12.222222222222221
2023-02-15,103645,1.9122929202125207,0.49999999999999994,0.8660254037844387,0.43388373911755823,-0.900968867902419,7.1937498,0.0,8.333333333333332,19.444444444444443
2023-02-16,86899,1.8496576379344023,0.49999999999999994,0.8660254037844387,-0.433883739117558,-0.9009688679024191,5.7614372000000005,0.07,13.333333333333332,21.11111111111111
2023-02-17,57506,1.665342804330331,0.49999999999999994,0.8660254037844387,-0.9749279121818236,-0.2225209339563146,11.522874400000001,0.18,0.0,16.11111111111111
2023-02-18,60603,1.7659115334862192,0.49999999999999994,0.8660254037844387,-0.7818314824680299,0.6234898018587334,13.3253352,0.0,-2.7777777777777777,6.111111111111111
2023-02-19,59607,1.8263124399356767,0.49999999999999994,0.8660254037844387,-2.4492935982947064e-16,1.0,5.4073823999999995,0.0,2.7777777777777777,10.0
2023-02-20,82662,1.9006263527810472,0.49999999999999994,0.8660254037844387,0.7818314824680298,0.6234898018587336,9.7204136,0.0,8.333333333333332,16.11111111111111
2023-02-21,65407,1.7550310747019557,0.49999999999999994,0.8660254037844387,0.9749279121818236,-0.22252093395631434,7.9179528,0.27,2.7777777777777777,10.0
2023-02-22,63287,1.7272072954186577,0.49999999999999994,0.8660254037844387,0.43388373911755823,-0.900968867902419,9.7204136,0.14,2.7777777777777777,6.666666666666666
2023-02-23,76554,1.7725986417693431,0.49999999999999994,0.8660254037844387,-0.433883739117558,-0.9009688679024191,11.8769292,0.02,3.333333333333333,6.666666666666666
2023-02-24,69369,1.706350399100206,0.49999999999999994,0.8660254037844387,-0.9749279121818236,-0.2225209339563146,14.033444800000002,0.0,-3.888888888888889,7.222222222222221
2023-02-25,50517,1.6532552952370305,0.49999999999999994,0.8660254037844387,-0.7818314824680299,0.6234898018587334,5.7614372000000005,0.0,-5.0,0.5555555555555556
2023-02-26,63369,1.817452720273285,0.49999999999999994,0.8660254037844387,-2.4492935982947064e-16,1.0,8.6421558,0.0,-1.1111111111111112,10.0
2023-02-27,68189,1.7175456978416583,0.49999999999999994,0.8660254037844387,0.7818314824680298,0.6234898018587336,8.2720076,0.21,0.5555555555555556,7.777777777777778
2023-02-28,47404,1.6258446164419014,0.49999999999999994,0.8660254037844387,0.9749279121818236,-0.22252093395631434,8.9962106,0.34,0.0,3.333333333333333
2023-03-01,140490,1.7470706457497778,0.8660254037844386,0.5000000000000001,0.43388373911755823,-0.900968867902419,9.3663588,0.0,0.5555555555555556,6.666666666666666
2023-03-02,147524,1.7851064617664687,0.8660254037844386,0.5000000000000001,-0.433883739117558,-0.9009688679024191,8.9962106,0.0,3.888888888888889,12.222222222222221
2023-03-03,130688,1.7078645730696704,0.8660254037844386,0.5000000000000001,-0.9749279121818236,-0.2225209339563146,9.3663588,0.15,2.7777777777777777,8.333333333333332
2023-03-04,113660,1.7848781461031755,0.8660254037844386,0.5000000000000001,-0.7818314824680299,0.6234898018587334,12.955187,0.99,3.333333333333333,7.222222222222221
2023-03-05,129570,1.8854365979070535,0.8660254037844386,0.5000000000000001,-2.4492935982947064e-16,1.0,12.955187,0.0,3.333333333333333,11.666666666666666
2023-03-06,145310,1.785236851481882,0.8660254037844386,0.5000000000000001,0.7818314824680298,0.6234898018587336,8.6421558,0.0,4.444444444444445,11.11111111111111
2023-03-07,133354,1.7225828337949507,0.8660254037844386,0.5000000000000001,0.9749279121818236,-0.22252093395631434,17.2843116,0.06,0.5555555555555556,8.333333333333332
2023-03-08,143354,1.7466004552790764,0.8660254037844386,0.5000000000000001,0.43388373911755823,-0.900968867902419,13.67939,0.0,-0.5555555555555556,8.88888888888889
2023-03-09,154630,1.7895577539473195,0.8660254037844386,0.5000000000000001,-0.433883739117558,-0.9009688679024191,12.6011322,0.0,0.5555555555555556,10.555555555555555
2023-03-10,118918,1.6916597152136934,0.8660254037844386,0.5000000000000001,-0.9749279121818236,-0.2225209339563146,6.115492,0.36,1.6666666666666665,7.777777777777778
2023-03-11,98328,1.7233096087300865,0.8660254037844386,0.5000000000000001,-0.7818314824680299,0.6234898018587334,13.3253352,0.4,1.6666666666666665,7.222222222222221
2023-03-12,113144,1.8265170349886404,0.8660254037844386,0.5000000000000001,-2.4492935982947064e-16,1.0,6.839695,0.0,1.1111111111111112,8.88888888888889
2023-03-13,65646,1.6180751765617816,0.8660254037844386,0.5000000000000001,0.7818314824680298,0.6234898018587336,11.522874400000001,0.67,3.333333333333333,7.222222222222221
2023-03-14,73693,1.577842600568344,0.8660254037844386,0.5000000000000001,0.9749279121818236,-0.22252093395631434,16.5601086,0.13,0.5555555555555556,3.333333333333333
2023-03-15,73204,1.681139271380287,0.8660254037844386,0.5000000000000001,0.43388373911755823,-0.900968867902419,20.8731398,0.0,1.1111111111111112,7.222222222222221
2023-03-16,93345,1.7844874217903957,0.8660254037844386,0.5000000000000001,-0.433883739117558,-0.9009688679024191,10.074468399999999,0.0,1.1111111111111112,15.0
2023-03-17,92918,1.7868470762474102,0.8660254037844386,0.5000000000000001,-0.9749279121818236,-0.2225209339563146,5.4073823999999995,0.0,8.333333333333332,15.555555555555555
2023-03-18,83536,1.8645031670547372,0.8660254037844386,0.5000000000000001,-0.7818314824680299,0.6234898018587334,11.1527262,0.02,4.444444444444445,13.333333333333332
2023-03-19,54088,1.6632323046697988,0.8660254037844386,0.5000000000000001,-2.4492935982947064e-16,1.0,14.033444800000002,0.0,-1.6666666666666665,4.444444444444445
2023-03-20,76848,1.7389542835753595,0.8660254037844386,0.5000000000000001,0.7818314824680298,0.6234898018587336,7.9179528,0.0,-0.5555555555555556,10.555555555555555
2023-03-21,98339,1.845990786251883,0.8660254037844386,0.5000000000000001,0.9749279121818236,-0.22252093395631434,9.3663588,0.0,4.444444444444445,17.22222222222222
2023-03-22,97299,1.8081874764183208,0.8660254037844386,0.5000000000000001,0.43388373911755823,-0.900968867902419,5.7614372000000005,0.0,8.88888888888889,16.666666666666664
2023-03-23,84361,1.8044219462582902,0.8660254037844386,0.5000000000000001,-0.433883739117558,-0.9009688679024191,7.563898,0.09,8.88888888888889,15.555555555555555
2023-03-24,87120,1.7198920768109611,0.8660254037844386,0.5000000000000001,-0.9749279121818236,-0.2225209339563146,8.2720076,0.0,6.666666666666666,12.777777777777777
2023-03-25,37128,1.6168551367350603,0.8660254037844386,0.5000000000000001,-0.7818314824680299,0.6234898018587334,12.955187,0.15,5.555555555555555,8.333333333333332
2023-03-26,98654,2.001749203128288,0.8660254037844386,0.5000000000000001,-2.4492935982947064e-16,1.0,9.7204136,0.0,6.666666666666666,17.22222222222222
2023-03-27,67899,1.7607298067095793,0.8660254037844386,0.5000000000000001,0.7818314824680298,0.6234898018587336,9.3663588,0.29,6.111111111111111,16.666666666666664
2023-03-28,89135,1.8046532923621121,0.8660254037844386,0.5000000000000001,0.9749279121818236,-0.22252093395631434,6.485640200000001,0.0,5.555555555555555,11.11111111111111
2023-03-29,99037,1.8191867522660434,0.8660254037844386,0.5000000000000001,0.43388373911755823,-0.900968867902419,9.3663588,0.0,3.888888888888889,12.777777777777777
2023-03-30,85482,1.7399986967778251,0.8660254037844386,0.5000000000000001,-0.433883739117558,-0.9009688679024191,11.8769292,0.01,-0.5555555555555556,7.777777777777778
2023-03-31,92564,1.7729404822703674,0.8660254037844386,0.5000000000000001,-0.9749279121818236,-0.2225209339563146,3.9589764,0.0,3.333333333333333,13.888888888888888
2023-04-01,85884,1.9127351300114062,1.0,6.123233995736766e-17,-0.7818314824680299,0.6234898018587334,7.9179528,0.38,10.555555555555555,22.22222222222222
2023-04-02,86402,1.8737186833360338,1.0,6.123233995736766e-17,-2.4492935982947064e-16,1.0,14.757647799999999,0.0,4.444444444444445,10.555555555555555
2023-04-03,101850,1.8443010137428069,1.0,6.123233995736766e-17,0.7818314824680298,0.6234898018587336,7.1937498,0.0,3.888888888888889,15.0
2023-04-04,126358,1.9358520743096566,1.0,6.123233995736766e-17,0.9749279121818236,-0.22252093395631434,2.8807186000000002,0.0,8.88888888888889,22.777777777777775
2023-04-05,86375,1.760944345572453,1.0,6.123233995736766e-17,0.43388373911755823,-0.900968867902419,13.67939,0.0,7.777777777777778,13.888888888888888
2023-04-06,116282,1.9074983983677594,1.0,6.123233995736766e-17,-0.433883739117558,-0.9009688679024191,5.037234199999999,0.0,8.333333333333332,26.666666666666664
2023-04-07,98351,1.8018466245322693,1.0,6.123233995736766e-17,-0.9749279121818236,-0.2225209339563146,12.955187,0.0,5.555555555555555,15.555555555555555
2023-04-08,93404,1.9163558466541448,1.0,6.123233995736766e-17,-0.7818314824680299,0.6234898018587334,5.4073823999999995,0.0,2.7777777777777777,12.222222222222221
2023-04-09,84868,1.9420226535609206,1.0,6.123233995736766e-17,-2.4492935982947064e-16,1.0,6.839695,0.0,4.444444444444445,13.888888888888888
2023-04-10,108258,1.8812272397020124,1.0,6.123233995736766e-17,0.7818314824680298,0.6234898018587336,8.2720076,0.0,5.555555555555555,20.0
2023-04-11,125377,1.9274203673322172,1.0,6.123233995736766e-17,0.9749279121818236,-0.22252093395631434,9.3663588,0.0,10.555555555555555,23.88888888888889
2023-04-12,140072,1.9740915925841693,1.0,6.123233995736766e-17,0.43388373911755823,-0.900968867902419,8.9962106,0.0,17.77777777777778,28.888888888888886
2023-04-13,143501,1.9549422800001428,1.0,6.123233995736766e-17,-0.433883739117558,-0.9009688679024191,8.9962106,0.0,19.444444444444443,32.22222222222222
2023-04-14,150080,1.929793839533646,1.0,6.123233995736766e-17,-0.9749279121818236,-0.2225209339563146,5.4073823999999995,0.0,21.11111111111111,32.77777777777778
2023-04-15,151279,1.9585151506047194,1.0,6.123233995736766e-17,-0.7818314824680299,0.6234898018587334,5.7614372000000005,0.02,15.0,23.88888888888889
2023-04-16,155050,2.0086028456489555,1.0,6.123233995736766e-17,-2.4492935982947064e-16,1.0,4.6831794,0.0,13.888888888888888,21.666666666666664
2023-04-17,136851,1.8604363029508066,1.0,6.123233995736766e-17,0.7818314824680298,0.6234898018587336,9.3663588,0.0,11.666666666666666,20.0
2023-04-18,143366,1.8209931029235338,1.0,6.123233995736766e-17,0.9749279121818236,-0.22252093395631434,11.522874400000001,0.0,7.222222222222221,13.888888888888888
2023-04-19,158536,1.8773087502490187,1.0,6.123233995736766e-17,0.43388373911755823,-0.900968867902419,9.3663588,0.0,7.222222222222221,17.77777777777778
2023-04-20,168808,1.8916406257293583,1.0,6.123233995736766e-17,-0.433883739117558,-0.9009688679024191,4.3130312,0.0,7.222222222222221,18.88888888888889
2023-04-21,171521,1.9053134954903195,1.0,6.123233995736766e-17,-0.9749279121818236,-0.2225209339563146,8.2720076,0.0,10.555555555555555,21.666666666666664
2023-04-22,169646,1.9680726458005842,1.0,6.123233995736766e-17,-0.7818314824680299,0.6234898018587334,11.522874400000001,0.68,10.555555555555555,19.444444444444443
2023-04-23,130759,1.9591238497836367,1.0,6.123233995736766e-17,-2.4492935982947064e-16,1.0,8.9962106,1.51,10.0,20.555555555555554
2023-04-24,148571,1.8587707391145354,1.0,6.123233995736766e-17,0.7818314824680298,0.6234898018587336,6.485640200000001,0.0,6.666666666666666,16.666666666666664
2023-04-25,158515,1.8681467875590596,1.0,6.123233995736766e-17,0.9749279121818236,-0.22252093395631434,3.9589764,0.0,7.777777777777778,15.555555555555555
2023-04-26,162622,1.8621743568350702,1.0,6.123233995736766e-17,0.43388373911755823,-0.900968867902419,3.9589764,0.0,7.777777777777778,15.555555555555555
2023-04-27,154455,1.8374593130292731,1.0,6.123233995736766e-17,-0.433883739117558,-0.9009688679024191,5.037234199999999,0.0,9.444444444444445,13.888888888888888
2023-04-28,128457,1.7676849742659169,1.0,6.123233995736766e-17,-0.9749279121818236,-0.2225209339563146,10.7986714,0.33,8.333333333333332,13.333333333333332
2023-04-29,26591,1.5419974789954312,1.0,6.123233995736766e-17,-0.7818314824680299,0.6234898018587334,13.67939,2.46,8.333333333333332,11.666666666666666
2023-04-30,37184,1.6729203842210951,1.0,6.123233995736766e-17,-2.4492935982947064e-16,1.0,11.1527262,2.32,10.0,15.555555555555555
2023-05-01,101379,1.830830637091639,0.8660254037844387,-0.49999999999999983,0.7818314824680298,0.6234898018587336,11.1527262,0.09,9.444444444444445,16.11111111111111
2023-05-02,89627,1.8017722387589028,0.8660254037844387,-0.49999999999999983,0.9749279121818236,-0.22252093395631434,7.1937498,0.25,6.666666666666666,13.333333333333332
2023-05-03,101459,1.8037302232451011,0.8660254037844387,-0.49999999999999983,0.43388373911755823,-0.900968867902419,5.037234199999999,0.0,8.333333333333332,13.888888888888888
2023-05-04,91869,1.7894703146942537,0.8660254037844387,-0.49999999999999983,-0.433883739117558,-0.9009688679024191,6.115492,0.05,8.88888888888889,12.777777777777777
2023-05-05,111834,1.8742800856056874,0.8660254037844387,-0.49999999999999983,-0.9749279121818236,-0.2225209339563146,3.2347733999999995,0.0,8.88888888888889,18.88888888888889
2023-05-06,123342,2.043833799568398,0.8660254037844387,-0.49999999999999983,-0.7818314824680299,0.6234898018587334,4.6831794,0.0,8.88888888888889,22.777777777777775
2023-05-07,113016,2.038883330977648,0.8660254037844387,-0.49999999999999983,-2.4492935982947064e-16,1.0,4.6831794,0.02,12.222222222222221,25.555555555555554
2023-05-08,114674,1.9111116710698348,0.8660254037844387,-0.49999999999999983,0.7818314824680298,0.6234898018587336,7.563898,0.0,14.444444444444443,25.0
2023-05-09,115179,1.8921257713853883,0.8660254037844387,-0.49999999999999983,0.9749279121818236,-0.22252093395631434,4.6831794,0.0,12.222222222222221,21.666666666666664
2023-05-10,122962,1.914425440217964,0.8660254037844387,-0.49999999999999983,0.43388373911755823,-0.900968867902419,3.2347733999999995,0.0,10.0,22.777777777777775
2023-05-11,128207,1.9485441830845147,0.8660254037844387,-0.49999999999999983,-0.433883739117558,-0.9009688679024191,6.115492,0.0,13.888888888888888,26.666666666666664
2023-05-12,128990,1.9156664638417398,0.8660254037844387,-0.49999999999999983,-0.9749279121818236,-0.2225209339563146,4.6831794,0.0,18.333333333333332,30.555555555555554
2023-05-13,121616,2.004028119242404,0.8660254037844387,-0.49999999999999983,-0.7818314824680299,0.6234898018587334,4.6831794,0.0,18.88888888888889,27.777777777777775
2023-05-14,113188,2.015181149479963,0.8660254037844387,-0.49999999999999983,-2.4492935982947064e-16,1.0,10.074468399999999,0.0,15.0,23.333333333333332
2023-05-15,175275,1.899988582413575,0.8660254037844387,-0.49999999999999983,0.7818314824680298,0.6234898018587336,6.115492,0.0,11.11111111111111,23.333333333333332
2023-05-16,185393,1.8929848659635586,0.8660254037844387,-0.49999999999999983,0.9749279121818236,-0.22252093395631434,8.2720076,0.0,14.444444444444443,26.11111111111111
2023-05-17,176717,1.843857032301596,0.8660254037844387,-0.49999999999999983,0.43388373911755823,-0.900968867902419,9.3663588,0.0,10.0,20.555555555555554
2023-05-18,175076,1.8629281501316635,0.8660254037844387,-0.49999999999999983,-0.433883739117558,-0.9009688679024191,6.839695,0.0,6.111111111111111,16.11111111111111
2023-05-19,183046,1.8830137345299471,0.8660254037844387,-0.49999999999999983,-0.9749279121818236,-0.2225209339563146,3.6049216000000004,0.0,11.11111111111111,21.11111111111111
2023-05-20,68433,1.8021087895145387,0.8660254037844387,-0.49999999999999983,-0.7818314824680299,0.6234898018587334,4.6831794,0.77,13.888888888888888,18.333333333333332
2023-05-21,175073,2.045182610585914,0.8660254037844387,-0.49999999999999983,-2.4492935982947064e-16,1.0,7.563898,0.02,12.777777777777777,21.11111111111111
2023-05-23,186338,1.8880007161203864,0.8660254037844387,-0.49999999999999983,0.9749279121818236,-0.22252093395631434,4.6831794,0.0,12.222222222222221,21.11111111111111
2023-05-24,177962,1.8875986869678192,0.8660254037844387,-0.49999999999999983,0.43388373911755823,-0.900968867902419,4.3130312,0.08,11.666666666666666,25.0
2023-05-25,186864,1.8946788439699223,0.8660254037844387,-0.49999999999999983,-0.433883739117558,-0.9009688679024191,11.8769292,0.0,10.0,20.0
2023-05-26,185030,1.8839425732111896,0.8660254037844387,-0.49999999999999983,-0.9749279121818236,-0.2225209339563146,5.4073823999999995,0.0,11.666666666666666,22.22222222222222
2023-05-27,161996,1.995032716308661,0.8660254037844387,-0.49999999999999983,-0.7818314824680299,0.6234898018587334,5.4073823999999995,0.0,13.333333333333332,25.555555555555554
2023-05-28,151306,2.011556953092012,0.8660254037844387,-0.49999999999999983,-2.4492935982947064e-16,1.0,3.6049216000000004,0.0,15.0,26.11111111111111
2023-05-29,156476,2.0300260220009383,0.8660254037844387,-0.49999999999999983,0.7818314824680298,0.6234898018587336,8.6421558,0.0,15.0,26.11111111111111
2023-05-30,171107,1.873682920339855,0.8660254037844387,-0.49999999999999983,0.9749279121818236,-0.22252093395631434,7.9179528,0.0,12.777777777777777,22.22222222222222
2023-05-31,186088,1.8721028892464755,0.8660254037844387,-0.49999999999999983,0.43388373911755823,-0.900968867902419,3.6049216000000004,0.0,10.555555555555555,25.0
2023-06-01,126625,1.9504012515504205,0.5000000000000003,-0.8660254037844385,-0.433883739117558,-0.9009688679024191,2.8807186000000002,0.0,15.0,30.555555555555554
2023-06-02,111697,1.8554277254837641,0.5000000000000003,-0.8660254037844385,-0.9749279121818236,-0.2225209339563146,3.2347733999999995,0.24,18.88888888888889,32.77777777777778
2023-06-03,106088,1.9499287089903952,0.5000000000000003,-0.8660254037844385,-0.7818314824680299,0.6234898018587334,12.2470774,0.0,12.222222222222221,20.555555555555554
2023-06-04,103370,1.9653722438550905,0.5000000000000003,-0.8660254037844385,-2.4492935982947064e-16,1.0,9.3663588,0.0,9.444444444444445,20.555555555555554
2023-06-05,115089,1.904366971011829,0.5000000000000003,-0.8660254037844385,0.7818314824680298,0.6234898018587336,4.6831794,0.0,13.333333333333332,24.444444444444443
2023-06-06,112238,1.8735171895465255,0.5000000000000003,-0.8660254037844385,0.9749279121818236,-0.22252093395631434,6.115492,0.0,15.555555555555555,26.11111111111111
2023-06-07,92204,1.7393074894895013,0.5000000000000003,-0.8660254037844385,0.43388373911755823,-0.900968867902419,7.9179528,0.0,13.888888888888888,20.555555555555554
2023-06-08,96648,1.7766165384260644,0.5000000000000003,-0.8660254037844385,-0.433883739117558,-0.9009688679024191,4.3130312,0.0,12.777777777777777,22.22222222222222
2023-06-09,112979,1.8930471577243935,0.5000000000000003,-0.8660254037844385,-0.9749279121818236,-0.2225209339563146,6.115492,0.0,14.444444444444443,22.22222222222222
2023-06-10,122366,2.0292925891376368,0.5000000000000003,-0.8660254037844385,-0.7818314824680299,0.6234898018587334,6.115492,0.0,14.444444444444443,25.555555555555554
2023-06-11,108537,2.0773597202038503,0.5000000000000003,-0.8660254037844385,-2.4492935982947064e-16,1.0,1.4323126,0.01,17.77777777777778,27.777777777777775
2023-06-12,97169,1.8339629306765097,0.5000000000000003,-0.8660254037844385,0.7818314824680298,0.6234898018587336,4.6831794,0.3,18.88888888888889,25.555555555555554
2023-06-13,131625,1.945654714912054,0.5000000000000003,-0.8660254037844385,0.9749279121818236,-0.22252093395631434,7.9179528,0.0,17.77777777777778,25.555555555555554
2023-06-14,126848,1.9000066687659503,0.5000000000000003,-0.8660254037844385,0.43388373911755823,-0.900968867902419,6.115492,0.14,17.22222222222222,24.444444444444443
2023-06-15,205502,1.9328838781590505,0.5000000000000003,-0.8660254037844385,-0.433883739117558,-0.9009688679024191,8.2720076,0.0,16.11111111111111,25.0
2023-06-16,161310,1.889087683533438,0.5000000000000003,-0.8660254037844385,-0.9749279121818236,-0.2225209339563146,4.3130312,0.23,17.22222222222222,26.11111111111111
2023-06-17,177360,2.0250537020377792,0.5000000000000003,-0.8660254037844385,-0.7818314824680299,0.6234898018587334,7.1937498,0.0,16.666666666666664,25.0
2023-06-18,168858,2.0395960986691133,0.5000000000000003,-0.8660254037844385,-2.4492935982947064e-16,1.0,7.1937498,0.0,16.666666666666664,26.666666666666664
2023-06-19,182991,1.966697588346336,0.5000000000000003,-0.8660254037844385,0.7818314824680298,0.6234898018587336,6.115492,0.0,18.333333333333332,27.22222222222222
2023-06-20,195183,1.9196435964755665,0.5000000000000003,-0.8660254037844385,0.9749279121818236,-0.22252093395631434,8.6421558,0.0,17.77777777777778,25.555555555555554
2023-06-21,201042,1.9129646323985208,0.5000000000000003,-0.8660254037844385,0.43388373911755823,-0.900968867902419,16.9141634,0.0,16.666666666666664,22.777777777777775
2023-06-22,177933,1.884564088180034,0.5000000000000003,-0.8660254037844385,-0.433883739117558,-0.9009688679024191,14.033444800000002,0.0,15.555555555555555,22.22222222222222
2023-06-23,164587,1.8773239832321975,0.5000000000000003,-0.8660254037844385,-0.9749279121818236,-0.2225209339563146,5.037234199999999,0.04,18.333333333333332,21.666666666666664
2023-06-24,169098,1.9565142085110403,0.5000000000000003,-0.8660254037844385,-0.7818314824680299,0.6234898018587334,1.0782578,0.07,20.555555555555554,25.555555555555554
2023-06-25,177832,1.9586699808514951,0.5000000000000003,-0.8660254037844385,-2.4492935982947064e-16,1.0,2.5266638,0.0,21.666666666666664,29.444444444444443
2023-06-26,155827,1.8512866522776623,0.5000000000000003,-0.8660254037844385,0.7818314824680298,0.6234898018587336,6.485640200000001,0.51,20.0,25.555555555555554
2023-06-27,180718,1.9994924849412303,0.5000000000000003,-0.8660254037844385,0.9749279121818236,-0.22252093395631434,2.5266638,0.08,18.88888888888889,26.11111111111111
2023-06-28,199354,1.932275002051422,0.5000000000000003,-0.8660254037844385,0.43388373911755823,-0.900968867902419,6.115492,0.0,18.88888888888889,27.777777777777775
2023-06-29,199131,1.92500919672024,0.5000000000000003,-0.8660254037844385,-0.433883739117558,-0.9009688679024191,3.9589764,0.0,18.333333333333332,27.777777777777775
2023-06-30,172299,1.87268722099743,0.5000000000000003,-0.8660254037844385,-0.9749279121818236,-0.2225209339563146,2.8807186000000002,0.0,21.11111111111111,28.888888888888886
2023-07-01,178001,2.023000019565684,1.2246467991473532e-16,-1.0,-0.7818314824680299,0.6234898018587334,3.9589764,0.0,20.555555555555554,27.777777777777775
2023-07-02,136994,1.9395225342163624,1.2246467991473532e-16,-1.0,-2.4492935982947064e-16,1.0,3.6049216000000004,0.58,21.11111111111111,31.11111111111111
2023-07-03,160056,1.9305062598255143,1.2246467991473532e-16,-1.0,0.7818314824680298,0.6234898018587336,4.3130312,0.45,22.22222222222222,31.666666666666664
2023-07-04,137928,1.9317797120027256,1.2246467991473532e-16,-1.0,0.9749279121818236,-0.22252093395631434,1.0782578,0.63,22.777777777777775,28.333333333333332
2023-07-05,189563,1.9280813106899661,1.2246467991473532e-16,-1.0,0.43388373911755823,-0.900968867902419,2.8807186000000002,0.0,22.22222222222222,33.888888888888886
2023-07-06,201634,1.9361863541973845,1.2246467991473532e-16,-1.0,-0.433883739117558,-0.9009688679024191,2.1565156,0.0,23.88888888888889,32.22222222222222
2023-07-07,202018,1.92946685980842,1.2246467991473532e-16,-1.0,-0.9749279121818236,-0.2225209339563146,1.0782578,0.0,23.333333333333332,30.555555555555554
2023-07-08,191899,1.9759271637930773,1.2246467991473532e-16,-1.0,-0.7818314824680299,0.6234898018587334,4.6831794,0.0,24.444444444444443,31.11111111111111
2023-07-09,145667,1.9235537410078198,1.2246467991473532e-16,-1.0,-2.4492935982947064e-16,1.0,2.8807186000000002,0.98,22.22222222222222,27.777777777777775
2023-07-10,202544,1.9182051510151725,1.2246467991473532e-16,-1.0,0.7818314824680298,0.6234898018587336,6.115492,0.0,21.666666666666664,28.888888888888886
2023-07-11,219325,1.9301797876109783,1.2246467991473532e-16,-1.0,0.9749279121818236,-0.22252093395631434,4.6831794,0.0,20.0,31.666666666666664
2023-07-12,219150,1.8957668703220345,1.2246467991473532e-16,-1.0,0.43388373911755823,-0.900968867902419,5.037234199999999,0.0,24.444444444444443,32.77777777777778
2023-07-13,216394,1.8976032870656465,1.2246467991473532e-16,-1.0,-0.433883739117558,-0.9009688679024191,3.9589764,0.0,25.0,31.11111111111111
2023-07-14,165340,1.840448701577103,1.2246467991473532e-16,-1.0,-0.9749279121818236,-0.2225209339563146,7.1937498,0.48,21.666666666666664,28.888888888888886
2023-07-15,110252,2.006193161994898,1.2246467991473532e-16,-1.0,-0.7818314824680299,0.6234898018587334,2.5266638,0.04,21.666666666666664,31.11111111111111
2023-07-16,65329,1.884610311025894,1.2246467991473532e-16,-1.0,-2.4492935982947064e-16,1.0,2.5266638,1.32,23.333333333333332,25.555555555555554
2023-07-17,124908,1.9290470951576282,1.2246467991473532e-16,-1.0,0.7818314824680298,0.6234898018587336,4.3130312,0.0,23.333333333333332,31.11111111111111
2023-07-18,122677,1.934867515612529,1.2246467991473532e-16,-1.0,0.9749279121818236,-0.22252093395631434,2.1565156,0.22,22.777777777777775,28.888888888888886
2023-07-19,132153,1.9441268264913754,1.2246467991473532e-16,-1.0,0.43388373911755823,-0.900968867902419,2.1565156,0.0,22.22222222222222,26.666666666666664
2023-07-20,139790,1.963964226482383,1.2246467991473532e-16,-1.0,-0.433883739117558,-0.9009688679024191,4.3130312,0.0,22.22222222222222,31.11111111111111
2023-07-21,125519,1.9342692937279071,1.2246467991473532e-16,-1.0,-0.9749279121818236,-0.2225209339563146,5.037234199999999,0.15,21.666666666666664,28.888888888888886
2023-07-22,133546,2.077109806239658,1.2246467991473532e-16,-1.0,-0.7818314824680299,0.6234898018587334,5.037234199999999,0.0,21.11111111111111,29.444444444444443
2023-07-23,122644,2.0406841731121697,1.2246467991473532e-16,-1.0,-2.4492935982947064e-16,1.0,2.5266638,0.0,20.555555555555554,31.11111111111111
2023-07-24,125835,1.9304291820956618,1.2246467991473532e-16,-1.0,0.7818314824680298,0.6234898018587336,5.037234199999999,0.0,23.333333333333332,29.444444444444443
2023-07-25,111881,1.912445066045653,1.2246467991473532e-16,-1.0,0.9749279121818236,-0.22252093395631434,4.6831794,0.28,20.0,30.0
2023-07-26,143195,1.9514012463066204,1.2246467991473532e-16,-1.0,0.43388373911755823,-0.900968867902419,3.2347733999999995,0.0,20.0,30.555555555555554
2023-07-27,128564,1.912133924543353,1.2246467991473532e-16,-1.0,-0.433883739117558,-0.9009688679024191,7.9179528,0.15,23.88888888888889,33.33333333333333
2023-07-28,125861,1.9148518213472765,1.2246467991473532e-16,-1.0,-0.9749279121818236,-0.2225209339563146,3.9589764,0.0,23.88888888888889,33.33333333333333
2023-07-29,120530,1.9945649941039139,1.2246467991473532e-16,-1.0,-0.7818314824680299,0.6234898018587334,8.2720076,0.06,21.11111111111111,31.666666666666664
2023-07-30,128839,2.081595140381001,1.2246467991473532e-16,-1.0,-2.4492935982947064e-16,1.0,7.563898,0.0,18.88888888888889,26.666666666666664
2023-07-31,130950,1.9628983455229467,1.2246467991473532e-16,-1.0,0.7818314824680298,0.6234898018587336,4.6831794,0.0,18.88888888888889,29.444444444444443
2023-08-01,205299,1.9970014541731853,-0.4999999999999998,-0.8660254037844388,0.9749279121818236,-0.22252093395631434,7.563898,0.0,18.333333333333332,27.777777777777775
2023-08-02,208503,1.9921273060423497,-0.4999999999999998,-0.8660254037844388,0.43388373911755823,-0.900968867902419,4.6831794,0.0,17.77777777777778,27.22222222222222
2023-08-03,202516,1.953744759733203,-0.4999999999999998,-0.8660254037844388,-0.433883739117558,-0.9009688679024191,5.037234199999999,0.0,18.88888888888889,26.666666666666664
2023-08-04,185184,1.9332830081774623,-0.4999999999999998,-0.8660254037844388,-0.9749279121818236,-0.2225209339563146,4.3130312,0.0,21.666666666666664,25.0
2023-08-05,199383,2.145101823787708,-0.4999999999999998,-0.8660254037844388,-0.7818314824680299,0.6234898018587334,5.4073823999999995,0.0,21.666666666666664,30.555555555555554
2023-08-06,178088,2.052803338743382,-0.4999999999999998,-0.8660254037844388,-2.4492935982947064e-16,1.0,3.6049216000000004,0.0,20.555555555555554,30.555555555555554
2023-08-07,143120,1.8749105174994107,-0.4999999999999998,-0.8660254037844388,0.7818314824680298,0.6234898018587336,3.2347733999999995,1.12,20.0,27.22222222222222
2023-08-08,192617,1.9781824521939682,-0.4999999999999998,-0.8660254037844388,0.9749279121818236,-0.22252093395631434,8.6421558,0.01,21.11111111111111,26.666666666666664
2023-08-09,203479,2.004702361927834,-0.4999999999999998,-0.8660254037844388,0.43388373911755823,-0.900968867902419,11.1527262,0.0,20.555555555555554,30.0
2023-08-10,130201,1.9133713701946653,-0.4999999999999998,-0.8660254037844388,-0.433883739117558,-0.9009688679024191,3.2347733999999995,0.48,21.11111111111111,27.22222222222222
2023-08-11,196321,2.001190291345129,-0.4999999999999998,-0.8660254037844388,-0.9749279121818236,-0.2225209339563146,6.115492,0.0,19.444444444444443,29.444444444444443
2023-08-12,192089,2.173995331128253,-0.4999999999999998,-0.8660254037844388,-0.7818314824680299,0.6234898018587334,4.6831794,0.0,20.555555555555554,29.444444444444443
2023-08-13,170013,2.0459781545289437,-0.4999999999999998,-0.8660254037844388,-2.4492935982947064e-16,1.0,7.563898,0.69,20.555555555555554,31.11111111111111
2023-08-14,172634,1.9597840393632693,-0.4999999999999998,-0.8660254037844388,0.7818314824680298,0.6234898018587336,1.8024608000000002,0.02,22.22222222222222,30.555555555555554
2023-08-15,142526,1.9880784759175105,-0.4999999999999998,-0.8660254037844388,0.9749279121818236,-0.22252093395631434,7.563898,0.77,21.11111111111111,26.666666666666664
2023-08-16,150489,2.0109600057083306,-0.4999999999999998,-0.8660254037844388,0.43388373911755823,-0.900968867902419,4.6831794,1.33,20.555555555555554,27.777777777777775
2023-08-17,146023,1.9923441909869823,-0.4999999999999998,-0.8660254037844388,-0.433883739117558,-0.9009688679024191,6.115492,0.0,22.22222222222222,26.11111111111111
2023-08-18,141671,2.0521248660181866,-0.4999999999999998,-0.8660254037844388,-0.9749279121818236,-0.2225209339563146,7.9179528,0.77,18.333333333333332,26.666666666666664
2023-08-19,159057,2.2235923241197404,-0.4999999999999998,-0.8660254037844388,-0.7818314824680299,0.6234898018587334,7.9179528,0.0,17.22222222222222,25.555555555555554
2023-08-20,131879,2.0690994237431126,-0.4999999999999998,-0.8660254037844388,-2.4492935982947064e-16,1.0,5.7614372000000005,0.0,18.88888888888889,29.444444444444443
2023-08-21,134733,1.9541385045257935,-0.4999999999999998,-0.8660254037844388,0.7818314824680298,0.6234898018587336,7.1937498,0.0,22.777777777777775,31.11111111111111
2023-08-22,150941,2.0027153650696596,-0.4999999999999998,-0.8660254037844388,0.9749279121818236,-0.22252093395631434,7.9179528,0.0,19.444444444444443,26.11111111111111
2023-08-23,151567,1.9999333218576207,-0.4999999999999998,-0.8660254037844388,0.43388373911755823,-0.900968867902419,5.037234199999999,0.0,17.77777777777778,26.666666666666664
2023-08-24,112258,1.917346233104344,-0.4999999999999998,-0.8660254037844388,-0.433883739117558,-0.9009688679024191,1.8024608000000002,0.14,19.444444444444443,22.777777777777775
2023-08-25,109393,1.9206230179225467,-0.4999999999999998,-0.8660254037844388,-0.9749279121818236,-0.2225209339563146,2.1565156,0.44,20.555555555555554,25.555555555555554
2023-08-26,138131,2.098638462186141,-0.4999999999999998,-0.8660254037844388,-0.7818314824680299,0.6234898018587334,4.3130312,0.52,22.777777777777775,28.888888888888886
2023-08-27,138294,2.095119122483514,-0.4999999999999998,-0.8660254037844388,-2.4492935982947064e-16,1.0,7.563898,0.0,21.11111111111111,28.888888888888886
2023-08-28,134207,1.9796661183147712,-0.4999999999999998,-0.8660254037844388,0.7818314824680298,0.6234898018587336,6.115492,0.0,20.555555555555554,24.444444444444443
2023-08-29,148387,2.0253454648280416,-0.4999999999999998,-0.8660254037844388,0.9749279121818236,-0.22252093395631434,6.839695,0.0,20.0,26.666666666666664
2023-08-30,143290,1.9815696905644018,-0.4999999999999998,-0.8660254037844388,0.43388373911755823,-0.900968867902419,7.9179528,0.27,20.0,28.333333333333332
2023-08-31,151916,2.0007740685399447,-0.4999999999999998,-0.8660254037844388,-0.433883739117558,-0.9009688679024191,11.8769292,0.0,17.77777777777778,25.0
2023-09-01,183426,2.011611115105922,-0.8660254037844384,-0.5000000000000004,-0.9749279121818236,-0.2225209339563146,7.1937498,0.0,16.11111111111111,24.444444444444443
2023-09-02,171056,2.1250585262119785,-0.8660254037844384,-0.5000000000000004,-0.7818314824680299,0.6234898018587334,3.6049216000000004,0.0,16.666666666666664,26.11111111111111
2023-09-03,159985,2.0828444377417212,-0.8660254037844384,-0.5000000000000004,-2.4492935982947064e-16,1.0,6.485640200000001,0.0,20.0,31.11111111111111
2023-09-04,159118,2.009995572461759,-0.8660254037844384,-0.5000000000000004,0.7818314824680298,0.6234898018587336,2.8807186000000002,0.0,22.777777777777775,31.666666666666664
2023-09-05,191216,1.941546184630603,-0.8660254037844384,-0.5000000000000004,0.9749279121818236,-0.22252093395631434,4.6831794,0.0,23.88888888888889,33.33333333333333
2023-09-06,202485,1.9135766256913609,-0.8660254037844384,-0.5000000000000004,0.43388373911755823,-0.900968867902419,3.9589764,0.0,25.0,33.888888888888886
2023-09-07,207649,1.9640012354223733,-0.8660254037844384,-0.5000000000000004,-0.433883739117558,-0.9009688679024191,3.2347733999999995,0.0,24.444444444444443,33.888888888888886
2023-09-08,173459,1.8944321917205689,-0.8660254037844384,-0.5000000000000004,-0.9749279121818236,-0.2225209339563146,2.8807186000000002,0.1,21.666666666666664,32.22222222222222
2023-09-09,180433,2.0018727530521265,-0.8660254037844384,-0.5000000000000004,-0.7818314824680299,0.6234898018587334,1.8024608000000002,0.02,21.11111111111111,28.888888888888886
2023-09-10,122706,1.9382755274032855,-0.8660254037844384,-0.5000000000000004,-2.4492935982947064e-16,1.0,3.9589764,1.8,20.555555555555554,25.0
2023-09-11,160434,1.8981245685203854,-0.8660254037844384,-0.5000000000000004,0.7818314824680298,0.6234898018587336,4.6831794,1.66,20.555555555555554,27.777777777777775
2023-09-12,223924,1.9978546645088076,-0.8660254037844384,-0.5000000000000004,0.9749279121818236,-0.22252093395631434,1.4323126,0.0,20.0,27.777777777777775
2023-09-13,207136,1.9541161094861157,-0.8660254037844384,-0.5000000000000004,0.43388373911755823,-0.900968867902419,4.3130312,0.22,21.11111111111111,26.11111111111111
2023-09-14,219101,1.9556006437262634,-0.8660254037844384,-0.5000000000000004,-0.433883739117558,-0.9009688679024191,8.6421558,0.0,17.22222222222222,25.0
2023-09-15,164899,1.969143346289088,-0.8660254037844384,-0.5000000000000004,-0.9749279121818236,-0.2225209339563146,10.074468399999999,0.0,14.444444444444443,20.555555555555554
2023-09-16,163885,2.097092852803001,-0.8660254037844384,-0.5000000000000004,-0.7818314824680299,0.6234898018587334,10.074468399999999,0.0,15.555555555555555,23.88888888888889
2023-09-17,142137,2.0705503259898292,-0.8660254037844384,-0.5000000000000004,-2.4492935982947064e-16,1.0,3.6049216000000004,0.21,15.0,25.0
2023-09-18,68304,1.7897508683176588,-0.8660254037844384,-0.5000000000000004,0.7818314824680298,0.6234898018587336,5.4073823999999995,1.34,15.555555555555555,20.0
2023-09-19,173028,2.0296565367208337,-0.8660254037844384,-0.5000000000000004,0.9749279121818236,-0.22252093395631434,7.1937498,0.0,14.444444444444443,22.22222222222222
2023-09-20,177275,2.0188681681605805,-0.8660254037844384,-0.5000000000000004,0.43388373911755823,-0.900968867902419,4.3130312,0.0,14.444444444444443,23.333333333333332
2023-09-21,174455,2.015195942251597,-0.8660254037844384,-0.5000000000000004,-0.433883739117558,-0.9009688679024191,5.4073823999999995,0.0,13.888888888888888,21.666666666666664
2023-09-22,169322,1.978124033969579,-0.8660254037844384,-0.5000000000000004,-0.9749279121818236,-0.2225209339563146,11.1527262,0.0,15.0,21.666666666666664
2023-09-23,41106,1.8065055904052953,-0.8660254037844384,-0.5000000000000004,-0.7818314824680299,0.6234898018587334,18.716624200000002,0.96,13.888888888888888,17.22222222222222
2023-09-24,39586,1.7270068908608054,-0.8660254037844384,-0.5000000000000004,-2.4492935982947064e-16,1.0,19.086772399999997,1.25,16.666666666666664,18.88888888888889
2023-09-25,49329,1.696449030376564,-0.8660254037844384,-0.5000000000000004,0.7818314824680298,0.6234898018587336,15.481850799999998,0.59,13.888888888888888,18.88888888888889
2023-09-26,95071,1.8727041789197372,-0.8660254037844384,-0.5000000000000004,0.9749279121818236,-0.22252093395631434,10.7986714,0.2,12.222222222222221,15.555555555555555
2023-09-27,156550,2.0095520654465866,-0.8660254037844384,-0.5000000000000004,0.43388373911755823,-0.900968867902419,11.1527262,0.0,10.0,17.77777777777778
2023-09-28,121806,1.8821055240165812,-0.8660254037844384,-0.5000000000000004,-0.433883739117558,-0.9009688679024191,10.4446166,0.38,13.333333333333332,18.333333333333332
2023-09-29,55785,2.099514159320083,-0.8660254037844384,-0.5000000000000004,-0.9749279121818236,-0.2225209339563146,12.955187,5.48,15.0,17.22222222222222
2023-09-30,117157,1.9770186142215918,-0.8660254037844384,-0.5000000000000004,-0.7818314824680299,0.6234898018587334,8.2720076,0.04,13.888888888888888,18.88888888888889
2023-10-01,186111,2.100806795247576,-1.0,-1.8369701987210297e-16,-2.4492935982947064e-16,1.0,6.839695,0.0,15.0,24.444444444444443
2023-10-02,191206,1.9736048410486549,-1.0,-1.8369701987210297e-16,0.7818314824680298,0.6234898018587336,3.6049216000000004,0.0,17.22222222222222,25.0
2023-10-03,207753,1.9936601926856272,-1.0,-1.8369701987210297e-16,0.9749279121818236,-0.22252093395631434,1.4323126,0.0,16.11111111111111,26.666666666666664
2023-10-04,212416,1.9822692172453151,-1.0,-1.8369701987210297e-16,0.43388373911755823,-0.900968867902419,2.5266638,0.0,18.88888888888889,28.333333333333332
2023-10-05,210563,1.9779306545347581,-1.0,-1.8369701987210297e-16,-0.433883739117558,-0.9009688679024191,3.6049216000000004,0.0,16.666666666666664,25.0
2023-10-06,172579,1.9616867464207943,-1.0,-1.8369701987210297e-16,-0.9749279121818236,-0.2225209339563146,3.6049216000000004,0.14,19.444444444444443,21.666666666666664
2023-10-07,97401,1.8776033934910639,-1.0,-1.8369701987210297e-16,-0.7818314824680299,0.6234898018587334,9.3663588,0.35,11.666666666666666,20.555555555555554
2023-10-08,148758,2.0297699888537957,-1.0,-1.8369701987210297e-16,-2.4492935982947064e-16,1.0,10.7986714,0.0,10.0,15.0
2023-10-09,153535,1.9197888837343275,-1.0,-1.8369701987210297e-16,0.7818314824680298,0.6234898018587336,6.485640200000001,0.0,9.444444444444445,15.555555555555555
2023-10-10,182070,1.9747269997102963,-1.0,-1.8369701987210297e-16,0.9749279121818236,-0.22252093395631434,5.4073823999999995,0.02,11.11111111111111,17.22222222222222
2023-10-11,201637,2.0031294105813227,-1.0,-1.8369701987210297e-16,0.43388373911755823,-0.900968867902419,3.2347733999999995,0.0,12.777777777777777,20.555555555555554
2023-10-12,202277,2.004738840986298,-1.0,-1.8369701987210297e-16,-0.433883739117558,-0.9009688679024191,2.8807186000000002,0.0,11.666666666666666,20.555555555555554
2023-10-13,194246,2.022992190798643,-1.0,-1.8369701987210297e-16,-0.9749279121818236,-0.2225209339563146,6.115492,0.0,10.555555555555555,17.22222222222222
2023-10-14,58120,1.841334988220901,-1.0,-1.8369701987210297e-16,-0.7818314824680299,0.6234898018587334,7.1937498,0.81,9.444444444444445,13.333333333333332
2023-10-15,122524,2.054007091713015,-1.0,-1.8369701987210297e-16,-2.4492935982947064e-16,1.0,9.3663588,0.01,10.0,15.555555555555555
2023-10-16,138825,1.9582267368430486,-1.0,-1.8369701987210297e-16,0.7818314824680298,0.6234898018587336,6.485640200000001,0.0,8.88888888888889,17.22222222222222
2023-10-17,152594,1.9968901587534011,-1.0,-1.8369701987210297e-16,0.9749279121818236,-0.22252093395631434,4.6831794,0.0,10.555555555555555,16.11111111111111
2023-10-18,157073,1.9992070749039803,-1.0,-1.8369701987210297e-16,0.43388373911755823,-0.900968867902419,3.2347733999999995,0.0,11.11111111111111,17.22222222222222
2023-10-19,160766,1.9957849130133483,-1.0,-1.8369701987210297e-16,-0.433883739117558,-0.9009688679024191,3.2347733999999995,0.0,11.11111111111111,17.77777777777778
2023-10-20,71728,1.785639225517668,-1.0,-1.8369701987210297e-16,-0.9749279121818236,-0.2225209339563146,4.3130312,0.84,15.0,17.22222222222222
2023-10-21,109553,1.9895162770900228,-1.0,-1.8369701987210297e-16,-0.7818314824680299,0.6234898018587334,8.9962106,0.67,13.333333333333332,17.22222222222222
2023-10-22,115279,1.9850246261626547,-1.0,-1.8369701987210297e-16,-2.4492935982947064e-16,1.0,13.3253352,0.0,8.88888888888889,13.888888888888888
2023-10-23,132771,1.9428004454819099,-1.0,-1.8369701987210297e-16,0.7818314824680298,0.6234898018587336,8.6421558,0.0,8.333333333333332,15.555555555555555
2023-10-24,152749,1.9913862134172524,-1.0,-1.8369701987210297e-16,0.9749279121818236,-0.22252093395631434,4.6831794,0.0,8.333333333333332,18.333333333333332
2023-10-25,162839,2.019087739226169,-1.0,-1.8369701987210297e-16,0.43388373911755823,-0.900968867902419,8.2720076,0.0,11.666666666666666,22.22222222222222
2023-10-26,171638,2.0467759220344544,-1.0,-1.8369701987210297e-16,-0.433883739117558,-0.9009688679024191,3.9589764,0.0,14.444444444444443,25.0
2023-10-27,169165,2.0070313757790017,-1.0,-1.8369701987210297e-16,-0.9749279121818236,-0.2225209339563146,6.115492,0.0,17.22222222222222,23.333333333333332
2023-10-28,180507,2.162457188624483,-1.0,-1.8369701987210297e-16,-0.7818314824680299,0.6234898018587334,7.9179528,0.0,17.22222222222222,26.666666666666664
2023-10-29,57546,1.8808347557399974,-1.0,-1.8369701987210297e-16,-2.4492935982947064e-16,1.0,11.1527262,0.47,10.555555555555555,17.22222222222222
2023-10-30,114313,1.862265578184834,-1.0,-1.8369701987210297e-16,0.7818314824680298,0.6234898018587336,7.1937498,0.59,10.0,15.555555555555555
2023-10-31,135779,1.8980617465963239,-1.0,-1.8369701987210297e-16,0.9749279121818236,-0.22252093395631434,6.115492,0.0,7.222222222222221,10.555555555555555
2023-11-01,133049,1.828816995335759,-0.866025403784439,0.49999999999999933,0.43388373911755823,-0.900968867902419,10.7986714,0.01,3.888888888888889,9.444444444444445
2023-11-02,144582,1.8865869039276983,-0.866025403784439,0.49999999999999933,-0.433883739117558,-0.9009688679024191,7.1937498,0.0,1.6666666666666665,8.88888888888889
2023-11-03,152912,1.9275865680497968,-0.866025403784439,0.49999999999999933,-0.9749279121818236,-0.2225209339563146,7.9179528,0.0,5.555555555555555,12.777777777777777
2023-11-04,148689,2.034919703426638,-0.866025403784439,0.49999999999999933,-0.7818314824680299,0.6234898018587334,4.6831794,0.0,8.333333333333332,16.11111111111111
2023-11-05,149665,2.062849475818114,-0.866025403784439,0.49999999999999933,-2.4492935982947064e-16,1.0,3.6049216000000004,0.0,9.444444444444445,18.333333333333332
2023-11-06,141936,1.934370308357901,-0.866025403784439,0.49999999999999933,0.7818314824680298,0.6234898018587336,6.115492,0.0,6.666666666666666,13.333333333333332
2023-11-07,156440,1.9853604538442855,-0.866025403784439,0.49999999999999933,0.9749279121818236,-0.22252093395631434,8.2720076,0.06,11.666666666666666,17.77777777777778
2023-11-08,146870,1.9101194311399776,-0.866025403784439,0.49999999999999933,0.43388373911755823,-0.900968867902419,8.6421558,0.0,6.111111111111111,12.222222222222221
2023-11-09,156840,1.9646663804741045,-0.866025403784439,0.49999999999999933,-0.433883739117558,-0.9009688679024191,5.037234199999999,0.0,5.555555555555555,13.888888888888888
2023-11-10,143493,1.890561977466246,-0.866025403784439,0.49999999999999933,-0.9749279121818236,-0.2225209339563146,7.1937498,0.0,7.222222222222221,11.666666666666666
2023-11-11,136059,2.036272255687512,-0.866025403784439,0.49999999999999933,-0.7818314824680299,0.6234898018587334,6.485640200000001,0.0,5.555555555555555,12.777777777777777
2023-11-12,103846,1.9272693423298,-0.866025403784439,0.49999999999999933,-2.4492935982947064e-16,1.0,8.2720076,0.0,2.2222222222222223,6.666666666666666
2023-11-13,125688,1.8801708189342388,-0.866025403784439,0.49999999999999933,0.7818314824680298,0.6234898018587336,5.7614372000000005,0.0,1.6666666666666665,9.444444444444445
2023-11-14,141704,1.9110345450713186,-0.866025403784439,0.49999999999999933,0.9749279121818236,-0.22252093395631434,7.9179528,0.0,5.555555555555555,11.666666666666666
2023-11-15,154967,1.945188255160598,-0.866025403784439,0.49999999999999933,0.43388373911755823,-0.900968867902419,4.6831794,0.0,3.888888888888889,11.666666666666666
2023-11-16,171167,2.0068351108901563,-0.866025403784439,0.49999999999999933,-0.433883739117558,-0.9009688679024191,5.4073823999999995,0.0,7.777777777777778,18.333333333333332
2023-11-17,178226,2.018391067231971,-0.866025403784439,0.49999999999999933,-0.9749279121818236,-0.2225209339563146,7.1937498,0.0,11.11111111111111,19.444444444444443
2023-11-18,135763,2.0201147012752108,-0.866025403784439,0.49999999999999933,-0.7818314824680299,0.6234898018587334,9.7204136,0.0,5.0,17.22222222222222
2023-11-19,121294,2.007263215020585,-0.866025403784439,0.49999999999999933,-2.4492935982947064e-16,1.0,7.563898,0.0,4.444444444444445,12.777777777777777
2023-11-20,123569,1.8565412020973244,-0.866025403784439,0.49999999999999933,0.7818314824680298,0.6234898018587336,7.9179528,0.0,2.7777777777777777,7.777777777777778
2023-11-21,84181,1.7868710974374515,-0.866025403784439,0.49999999999999933,0.9749279121818236,-0.22252093395631434,11.8769292,0.59,0.5555555555555556,8.88888888888889
2023-11-22,114400,1.8960708523163863,-0.866025403784439,0.49999999999999933,0.43388373911755823,-0.900968867902419,7.563898,1.93,8.88888888888889,12.222222222222221
2023-11-23,61966,1.9265996500823022,-0.866025403784439,0.49999999999999933,-0.433883739117558,-0.9009688679024191,11.1527262,0.0,6.666666666666666,11.11111111111111
2023-11-24,74488,1.8782930098278754,-0.866025403784439,0.49999999999999933,-0.9749279121818236,-0.2225209339563146,10.074468399999999,0.0,0.5555555555555556,10.555555555555555
2023-11-25,73665,1.8517469161347255,-0.866025403784439,0.49999999999999933,-0.7818314824680299,0.6234898018587334,3.6049216000000004,0.0,-1.1111111111111112,4.444444444444445
2023-11-26,62771,1.7928991670159695,-0.866025403784439,0.49999999999999933,-2.4492935982947064e-16,1.0,7.1937498,0.28,1.6666666666666665,13.333333333333332
2023-11-27,120166,1.8617158999322199,-0.866025403784439,0.49999999999999933,0.7818314824680298,0.6234898018587336,10.7986714,0.08,2.2222222222222223,13.333333333333332
2023-11-28,111952,1.7869437943358162,-0.866025403784439,0.49999999999999933,0.9749279121818236,-0.22252093395631434,15.481850799999998,0.0,0.0,5.0
2023-11-29,111508,1.7811882044280962,-0.866025403784439,0.49999999999999933,0.43388373911755823,-0.900968867902419,7.563898,0.0,-2.7777777777777777,3.333333333333333
2023-11-30,135236,1.8864858657979213,-0.866025403784439,0.49999999999999933,-0.433883739117558,-0.9009688679024191,9.3663588,0.0,1.1111111111111112,10.555555555555555
2023-12-01,123964,1.8100115049311376,-0.5000000000000012,0.8660254037844379,-0.9749279121818236,-0.2225209339563146,5.7614372000000005,0.41,6.111111111111111,10.555555555555555
2023-12-02,190938,2.0125613667392424,-0.5000000000000012,0.8660254037844379,-0.7818314824680299,0.6234898018587334,3.6049216000000004,0.0,8.333333333333332,15.555555555555555
2023-12-03,65399,1.7806650069968726,-0.5000000000000012,0.8660254037844379,-2.4492935982947064e-16,1.0,11.522874400000001,0.55,8.88888888888889,11.666666666666666
2023-12-04,178877,1.8794759882870307,-0.5000000000000012,0.8660254037844379,0.7818314824680298,0.6234898018587336,9.7204136,0.0,5.555555555555555,12.222222222222221
2023-12-05,178572,1.850611811119061,-0.5000000000000012,0.8660254037844379,0.9749279121818236,-0.22252093395631434,6.485640200000001,0.0,3.333333333333333,6.111111111111111
2023-12-06,169129,1.8157790299382779,-0.5000000000000012,0.8660254037844379,0.43388373911755823,-0.900968867902419,9.7204136,0.0,0.5555555555555556,6.111111111111111
2023-12-07,161399,1.7946602779446619,-0.5000000000000012,0.8660254037844379,-0.433883739117558,-0.9009688679024191,9.7204136,0.0,0.0,3.888888888888889
2023-12-08,184522,1.8593298486814227,-0.5000000000000012,0.8660254037844379,-0.9749279121818236,-0.2225209339563146,4.6831794,0.0,3.333333333333333,10.555555555555555
2023-12-09,190935,1.9936601339364535,-0.5000000000000012,0.8660254037844379,-0.7818314824680299,0.6234898018587334,3.2347733999999995,0.0,6.666666666666666,15.0
2023-12-10,81155,1.803657577950641,-0.5000000000000012,0.8660254037844379,-2.4492935982947064e-16,1.0,6.485640200000001,1.12,10.0,16.11111111111111
2023-12-11,128369,1.7306699771678486,-0.5000000000000012,0.8660254037844379,0.7818314824680298,0.6234898018587336,12.955187,0.55,3.333333333333333,10.0
2023-12-12,170608,1.8220472127240925,-0.5000000000000012,0.8660254037844379,0.9749279121818236,-0.22252093395631434,8.9962106,0.0,2.2222222222222223,6.666666666666666
2023-12-13,177040,1.819726645865237,-0.5000000000000012,0.8660254037844379,0.43388373911755823,-0.900968867902419,10.7986714,0.0,2.2222222222222223,8.333333333333332
2023-12-14,154978,1.802657409378967,-0.5000000000000012,0.8660254037844379,-0.433883739117558,-0.9009688679024191,10.074468399999999,0.0,0.5555555555555556,5.0
2023-12-15,102753,1.8593412488624703,-0.5000000000000012,0.8660254037844379,-0.9749279121818236,-0.2225209339563146,8.6421558,0.0,2.7777777777777777,14.444444444444443
2023-12-16,94905,1.9190828234369404,-0.5000000000000012,0.8660254037844379,-0.7818314824680299,0.6234898018587334,9.3663588,0.0,7.777777777777778,12.222222222222221
2023-12-17,55192,1.7825916203017558,-0.5000000000000012,0.8660254037844379,-2.4492935982947064e-16,1.0,10.7986714,0.26,8.333333333333332,15.0
2023-12-18,57682,1.7599893421911181,-0.5000000000000012,0.8660254037844379,0.7818314824680298,0.6234898018587336,14.403592999999999,2.21,5.555555555555555,16.666666666666664
2023-12-19,81261,1.7834626110561016,-0.5000000000000012,0.8660254037844379,0.9749279121818236,-0.22252093395631434,12.2470774,0.0,0.0,6.666666666666666
2023-12-20,80591,1.7827468593043039,-0.5000000000000012,0.8660254037844379,0.43388373911755823,-0.900968867902419,9.7204136,0.0,-1.1111111111111112,7.777777777777778
2023-12-21,75004,1.7841363623973365,-0.5000000000000012,0.8660254037844379,-0.433883739117558,-0.9009688679024191,10.4446166,0.0,-1.1111111111111112,5.555555555555555
2023-12-22,63554,1.723973276369074,-0.5000000000000012,0.8660254037844379,-0.9749279121818236,-0.2225209339563146,5.7614372000000005,0.0,-3.888888888888889,2.7777777777777777
2023-12-23,49496,1.7821521107803546,-0.5000000000000012,0.8660254037844379,-0.7818314824680299,0.6234898018587334,5.7614372000000005,0.0,1.1111111111111112,6.666666666666666
2023-12-24,39368,1.7726085407059602,-0.5000000000000012,0.8660254037844379,-2.4492935982947064e-16,1.0,2.5266638,0.02,4.444444444444445,9.444444444444445
2023-12-25,29935,1.854479306167303,-0.5000000000000012,0.8660254037844379,0.7818314824680298,0.6234898018587336,5.037234199999999,0.0,6.111111111111111,9.444444444444445
2023-12-26,50807,1.84470354339213,-0.5000000000000012,0.8660254037844379,0.9749279121818236,-0.22252093395631434,2.5266638,0.0,6.666666666666666,10.555555555555555
2023-12-27,42288,1.7781576393502811,-0.5000000000000012,0.8660254037844379,0.43388373911755823,-0.900968867902419,8.2720076,0.32,7.222222222222221,10.0
2023-12-28,46808,1.827854743193483,-0.5000000000000012,0.8660254037844379,-0.433883739117558,-0.9009688679024191,11.1527262,1.22,9.444444444444445,12.777777777777777
2023-12-29,69036,1.9211997079606442,-0.5000000000000012,0.8660254037844379,-0.9749279121818236,-0.2225209339563146,5.4073823999999995,0.05,7.777777777777778,12.777777777777777
2023-12-30,56099,1.8417942542472647,-0.5000000000000012,0.8660254037844379,-0.7818314824680299,0.6234898018587334,10.4446166,0.0,3.888888888888889,7.777777777777778
2023-12-31,53425,1.8239491550026417,-0.5000000000000012,0.8660254037844379,-2.4492935982947064e-16,1.0,8.6421558,0.0,3.888888888888889,6.111111111111111
